well,sample,horizon,depth,porosity_pct,perm_mD,Sw,Pc_lab_MPa
300,011103002K02H,Мел,373.94,31.04,5.83,1.0,0.0
300,011103002K02H,Мел,373.94,31.04,5.83,0.95,0.006
300,011103002K02H,Мел,373.94,31.04,5.83,0.88,0.026
300,011103002K02H,Мел,373.94,31.04,5.83,0.82,0.103
300,011103002K02H,Мел,373.94,31.04,5.83,0.68,0.233
300,011103002K02H,Мел,373.94,31.04,5.83,0.56,0.414
300,011103002K02H,Мел,373.94,31.04,5.83,0.45,0.647
300,011103002K02H,Мел,373.94,31.04,5.83,0.4,1.268
300,011103053J02H,Мел,577.33,26.68,7.66,1.0,0.0
300,011103053J02H,Мел,577.33,26.68,7.66,0.98,0.006
300,011103053J02H,Мел,577.33,26.68,7.66,0.94,0.026
300,011103053J02H,Мел,577.33,26.68,7.66,0.89,0.103
300,011103053J02H,Мел,577.33,26.68,7.66,0.74,0.233
300,011103053J02H,Мел,577.33,26.68,7.66,0.61,0.414
300,011103053J02H,Мел,577.33,26.68,7.66,0.48,0.647
300,011103053J02H,Мел,577.33,26.68,7.66,0.41,1.268
300,011103054J01H,Мел,578.6,26.09,3.14,1.0,0.0
300,011103054J01H,Мел,578.6,26.09,3.14,0.98,0.006
300,011103054J01H,Мел,578.6,26.09,3.14,0.94,0.026
300,011103054J01H,Мел,578.6,26.09,3.14,0.89,0.103
300,011103054J01H,Мел,578.6,26.09,3.14,0.77,0.233
300,011103054J01H,Мел,578.6,26.09,3.14,0.65,0.414
300,011103054J01H,Мел,578.6,26.09,3.14,0.51,0.647
300,011103054J01H,Мел,578.6,26.09,3.14,0.44,1.268
300,011103061J01H,Юра,795.78,34.48,138.0,1.0,0.0
300,011103061J01H,Юра,795.78,34.48,138.0,0.93,0.006
300,011103061J01H,Юра,795.78,34.48,138.0,0.82,0.026
300,011103061J01H,Юра,795.78,34.48,138.0,0.68,0.103
300,011103061J01H,Юра,795.78,34.48,138.0,0.47,0.233
300,011103061J01H,Юра,795.78,34.48,138.0,0.32,0.414
300,011103061J01H,Юра,795.78,34.48,138.0,0.25,0.647
300,011103061J01H,Юра,795.78,34.48,138.0,0.23,1.268
300,011103065J05H,Юра,799.69,33.55,85.1,1.0,0.0
300,011103065J05H,Юра,799.69,33.55,85.1,0.93,0.006
300,011103065J05H,Юра,799.69,33.55,85.1,0.84,0.026
300,011103065J05H,Юра,799.69,33.55,85.1,0.74,0.103
300,011103065J05H,Юра,799.69,33.55,85.1,0.55,0.233
300,011103065J05H,Юра,799.69,33.55,85.1,0.44,0.414
300,011103065J05H,Юра,799.69,33.55,85.1,0.33,0.647
300,011103065J05H,Юра,799.69,33.55,85.1,0.29,1.268
300,011103066J03H,Юра,800.49,29.85,8.17,1.0,0.0
300,011103066J03H,Юра,800.49,29.85,8.17,0.94,0.006
300,011103066J03H,Юра,800.49,29.85,8.17,0.87,0.026
300,011103066J03H,Юра,800.49,29.85,8.17,0.76,0.103
300,011103066J03H,Юра,800.49,29.85,8.17,0.6,0.233
300,011103066J03H,Юра,800.49,29.85,8.17,0.47,0.414
300,011103066J03H,Юра,800.49,29.85,8.17,0.36,0.647
300,011103066J03H,Юра,800.49,29.85,8.17,0.31,1.268
300,011103067J01H,Юра,801.08,33.26,3.96,1.0,0.0
300,011103067J01H,Юра,801.08,33.26,3.96,0.97,0.006
300,011103067J01H,Юра,801.08,33.26,3.96,0.9,0.026
300,011103067J01H,Юра,801.08,33.26,3.96,0.83,0.104
300,011103067J01H,Юра,801.08,33.26,3.96,0.64,0.233
300,011103067J01H,Юра,801.08,33.26,3.96,0.43,0.414
300,011103067J01H,Юра,801.08,33.26,3.96,0.33,0.648
300,011103067J01H,Юра,801.08,33.26,3.96,0.27,1.269
300,011103069J02H,Юра,803.28,31.77,27.7,1.0,0.0
300,011103069J02H,Юра,803.28,31.77,27.7,0.93,0.006
300,011103069J02H,Юра,803.28,31.77,27.7,0.84,0.026
300,011103069J02H,Юра,803.28,31.77,27.7,0.73,0.104
300,011103069J02H,Юра,803.28,31.77,27.7,0.54,0.233
300,011103069J02H,Юра,803.28,31.77,27.7,0.42,0.414
300,011103069J02H,Юра,803.28,31.77,27.7,0.32,0.648
300,011103069J02H,Юра,803.28,31.77,27.7,0.29,1.269
300,011103076J01H,Юра,981.07,15.47,26.2,1.0,0.0
300,011103076J01H,Юра,981.07,15.47,26.2,0.98,0.006
300,011103076J01H,Юра,981.07,15.47,26.2,0.95,0.026
300,011103076J01H,Юра,981.07,15.47,26.2,0.89,0.104
300,011103076J01H,Юра,981.07,15.47,26.2,0.82,0.233
300,011103076J01H,Юра,981.07,15.47,26.2,0.76,0.414
300,011103076J01H,Юра,981.07,15.47,26.2,0.7,0.648
300,011103076J01H,Юра,981.07,15.47,26.2,0.66,1.269
301,011101014J02H,Юра,527.7,28.7,164.2,1.0,0.0
301,011101014J02H,Юра,527.7,28.7,164.2,0.8,0.294
301,011101014J02H,Юра,527.7,28.7,164.2,0.48,0.49
301,011101014J02H,Юра,527.7,28.7,164.2,0.34,0.814
301,011101014J02H,Юра,527.7,28.7,164.2,0.26,1.294
301,011101023J01H,Юра,539.14,33.43,2260.0,1.0,0.0
301,011101023J01H,Юра,539.14,33.43,2260.0,0.71,0.294
301,011101023J01H,Юра,539.14,33.43,2260.0,0.51,0.485
301,011101023J01H,Юра,539.14,33.43,2260.0,0.36,0.789
301,011101023J01H,Юра,539.14,33.43,2260.0,0.32,1.28
301,011101023J02H,Юра,539.75,32.31,829.9,1.0,0.0
301,011101023J02H,Юра,539.75,32.31,829.9,0.73,0.294
301,011101023J02H,Юра,539.75,32.31,829.9,0.48,0.49
301,011101023J02H,Юра,539.75,32.31,829.9,0.38,0.785
301,011101023J02H,Юра,539.75,32.31,829.9,0.35,1.275
301,011101030J01H,Юра,546.37,28.83,2490.0,1.0,0.0
301,011101030J01H,Юра,546.37,28.83,2490.0,0.74,0.294
301,011101030J01H,Юра,546.37,28.83,2490.0,0.43,0.485
301,011101030J01H,Юра,546.37,28.83,2490.0,0.35,0.789
301,011101030J01H,Юра,546.37,28.83,2490.0,0.29,1.28
301,011101030J02H,Юра,546.61,28.91,845.3,1.0,0.0
301,011101030J02H,Юра,546.61,28.91,845.3,0.81,0.294
301,011101030J02H,Юра,546.61,28.91,845.3,0.48,0.49
301,011101030J02H,Юра,546.61,28.91,845.3,0.35,0.785
301,011101030J02H,Юра,546.61,28.91,845.3,0.33,1.275
301,011101033J01H,Юра,549.4,29.2,886.8,1.0,0.0
301,011101033J01H,Юра,549.4,29.2,886.8,0.76,0.294
301,011101033J01H,Юра,549.4,29.2,886.8,0.42,0.49
301,011101033J01H,Юра,549.4,29.2,886.8,0.36,0.785
301,011101033J01H,Юра,549.4,29.2,886.8,0.31,1.275
301,011101037J01H,Юра,553.28,26.93,346.0,1.0,0.0
301,011101037J01H,Юра,553.28,26.93,346.0,0.64,0.294
301,011101037J01H,Юра,553.28,26.93,346.0,0.37,0.49
301,011101037J01H,Юра,553.28,26.93,346.0,0.28,0.814
301,011101037J01H,Юра,553.28,26.93,346.0,0.2,1.294
301,011101039J02H,Юра,573.33,32.06,2460.0,1.0,0.0
301,011101039J02H,Юра,573.33,32.06,2460.0,0.7,0.294
301,011101039J02H,Юра,573.33,32.06,2460.0,0.45,0.485
301,011101039J02H,Юра,573.33,32.06,2460.0,0.32,0.789
301,011101039J02H,Юра,573.33,32.06,2460.0,0.27,1.28
301,011101039J03H,Юра,573.9,32.73,2400.0,1.0,0.0
301,011101039J03H,Юра,573.9,32.73,2400.0,0.67,0.294
301,011101039J03H,Юра,573.9,32.73,2400.0,0.47,0.485
301,011101039J03H,Юра,573.9,32.73,2400.0,0.36,0.789
301,011101039J03H,Юра,573.9,32.73,2400.0,0.3,1.28
301,011101040J01H,Юра,577.3,29.63,327.6,1.0,0.0
301,011101040J01H,Юра,577.3,29.63,327.6,0.71,0.294
301,011101040J01H,Юра,577.3,29.63,327.6,0.41,0.49
301,011101040J01H,Юра,577.3,29.63,327.6,0.27,0.814
301,011101040J01H,Юра,577.3,29.63,327.6,0.24,1.294
301,011101042J01H,Юра,578.23,29.58,161.4,1.0,0.0
301,011101042J01H,Юра,578.23,29.58,161.4,0.74,0.294
301,011101042J01H,Юра,578.23,29.58,161.4,0.47,0.49
301,011101042J01H,Юра,578.23,29.58,161.4,0.35,0.814
301,011101042J01H,Юра,578.23,29.58,161.4,0.31,1.294
301,011101042J02H,Юра,578.71,27.21,832.7,1.0,0.0
301,011101042J02H,Юра,578.71,27.21,832.7,0.77,0.294
301,011101042J02H,Юра,578.71,27.21,832.7,0.43,0.49
301,011101042J02H,Юра,578.71,27.21,832.7,0.34,0.785
301,011101042J02H,Юра,578.71,27.21,832.7,0.32,1.275
302,011102008K01H,Мел,377.42,25.52,21.5,1.0,0.0
302,011102008K01H,Мел,377.42,25.52,21.5,0.85,0.294
302,011102008K01H,Мел,377.42,25.52,21.5,0.6,0.49
302,011102008K01H,Мел,377.42,25.52,21.5,0.47,0.789
302,011102008K01H,Мел,377.42,25.52,21.5,0.44,1.275
302,011102009K01H,Мел,378.48,26.02,30.3,1.0,0.0
302,011102009K01H,Мел,378.48,26.02,30.3,0.89,0.294
302,011102009K01H,Мел,378.48,26.02,30.3,0.66,0.49
302,011102009K01H,Мел,378.48,26.02,30.3,0.53,0.789
302,011102009K01H,Мел,378.48,26.02,30.3,0.51,1.275
302,011102012K01H,Мел,381.1,27.31,55.2,1.0,0.0
302,011102012K01H,Мел,381.1,27.31,55.2,0.9,0.294
302,011102012K01H,Мел,381.1,27.31,55.2,0.74,0.49
302,011102012K01H,Мел,381.1,27.31,55.2,0.65,0.789
302,011102012K01H,Мел,381.1,27.31,55.2,0.62,1.275
302,011102012K02H,Мел,381.26,24.21,21.7,1.0,0.0
302,011102012K02H,Мел,381.26,24.21,21.7,0.89,0.294
302,011102012K02H,Мел,381.26,24.21,21.7,0.75,0.49
302,011102012K02H,Мел,381.26,24.21,21.7,0.64,0.789
302,011102012K02H,Мел,381.26,24.21,21.7,0.59,1.275
302,011102018K01H,Мел,390.75,25.81,46.2,1.0,0.0
302,011102018K01H,Мел,390.75,25.81,46.2,0.76,0.294
302,011102018K01H,Мел,390.75,25.81,46.2,0.53,0.49
302,011102018K01H,Мел,390.75,25.81,46.2,0.43,0.785
302,011102018K01H,Мел,390.75,25.81,46.2,0.35,1.28
302,011102019J01H,Юра,451.33,25.25,17.2,1.0,0.0
302,011102019J01H,Юра,451.33,25.25,17.2,0.79,0.292
302,011102019J01H,Юра,451.33,25.25,17.2,0.47,0.485
302,011102019J01H,Юра,451.33,25.25,17.2,0.36,0.785
302,011102019J01H,Юра,451.33,25.25,17.2,0.32,1.28
302,011102019J03H,Юра,451.6,33.99,146.9,1.0,0.0
302,011102019J03H,Юра,451.6,33.99,146.9,0.75,0.292
302,011102019J03H,Юра,451.6,33.99,146.9,0.49,0.485
302,011102019J03H,Юра,451.6,33.99,146.9,0.38,0.785
302,011102019J03H,Юра,451.6,33.99,146.9,0.32,1.28
302,011102020J03H,Юра,452.77,24.68,16.9,1.0,0.0
302,011102020J03H,Юра,452.77,24.68,16.9,0.77,0.292
302,011102020J03H,Юра,452.77,24.68,16.9,0.52,0.485
302,011102020J03H,Юра,452.77,24.68,16.9,0.43,0.785
302,011102020J03H,Юра,452.77,24.68,16.9,0.38,1.28
302,011102021J03H,Юра,453.34,30.85,369.4,1.0,0.0
302,011102021J03H,Юра,453.34,30.85,369.4,0.74,0.292
302,011102021J03H,Юра,453.34,30.85,369.4,0.51,0.485
302,011102021J03H,Юра,453.34,30.85,369.4,0.31,0.785
302,011102021J03H,Юра,453.34,30.85,369.4,0.24,1.28
302,011102023J01H,Юра,455.14,26.13,146.6,1.0,0.0
302,011102023J01H,Юра,455.14,26.13,146.6,0.77,0.294
302,011102023J01H,Юра,455.14,26.13,146.6,0.51,0.49
302,011102023J01H,Юра,455.14,26.13,146.6,0.36,0.785
302,011102023J01H,Юра,455.14,26.13,146.6,0.31,1.28
302,011102024J01H,Юра,456.05,25.09,244.0,1.0,0.0
302,011102024J01H,Юра,456.05,25.09,244.0,0.7,0.294
302,011102024J01H,Юра,456.05,25.09,244.0,0.42,0.49
302,011102024J01H,Юра,456.05,25.09,244.0,0.3,0.785
302,011102024J01H,Юра,456.05,25.09,244.0,0.28,1.28
303,011104002K03H,Мел,374.48,12.3,3.64,1.0,0.0
303,011104002K03H,Мел,374.48,12.3,3.64,0.99,0.006
303,011104002K03H,Мел,374.48,12.3,3.64,0.97,0.026
303,011104002K03H,Мел,374.48,12.3,3.64,0.95,0.104
303,011104002K03H,Мел,374.48,12.3,3.64,0.84,0.233
303,011104002K03H,Мел,374.48,12.3,3.64,0.76,0.414
303,011104002K03H,Мел,374.48,12.3,3.64,0.72,0.648
303,011104002K03H,Мел,374.48,12.3,3.64,0.72,1.269
303,011104063J02H,Юра,581.22,33.17,478.0,1.0,0.0
303,011104063J02H,Юра,581.22,33.17,478.0,0.97,0.006
303,011104063J02H,Юра,581.22,33.17,478.0,0.9,0.026
303,011104063J02H,Юра,581.22,33.17,478.0,0.78,0.104
303,011104063J02H,Юра,581.22,33.17,478.0,0.61,0.233
303,011104063J02H,Юра,581.22,33.17,478.0,0.44,0.414
303,011104063J02H,Юра,581.22,33.17,478.0,0.33,0.648
303,011104063J02H,Юра,581.22,33.17,478.0,0.28,1.269
303,011104064J03H,Юра,582.41,30.31,196.0,1.0,0.0
303,011104064J03H,Юра,582.41,30.31,196.0,0.97,0.006
303,011104064J03H,Юра,582.41,30.31,196.0,0.91,0.026
303,011104064J03H,Юра,582.41,30.31,196.0,0.8,0.104
303,011104064J03H,Юра,582.41,30.31,196.0,0.57,0.233
303,011104064J03H,Юра,582.41,30.31,196.0,0.45,0.414
303,011104064J03H,Юра,582.41,30.31,196.0,0.34,0.648
303,011104064J03H,Юра,582.41,30.31,196.0,0.29,1.269
303,011104065J02H,Юра,583.23,28.88,77.7,1.0,0.0
303,011104065J02H,Юра,583.23,28.88,77.7,0.98,0.006
303,011104065J02H,Юра,583.23,28.88,77.7,0.94,0.026
303,011104065J02H,Юра,583.23,28.88,77.7,0.85,0.103
303,011104065J02H,Юра,583.23,28.88,77.7,0.72,0.233
303,011104065J02H,Юра,583.23,28.88,77.7,0.58,0.414
303,011104065J02H,Юра,583.23,28.88,77.7,0.43,0.646
303,011104065J02H,Юра,583.23,28.88,77.7,0.36,1.267
303,011104065J03H,Юра,583.39,29.89,71.2,1.0,0.0
303,011104065J03H,Юра,583.39,29.89,71.2,0.98,0.006
303,011104065J03H,Юра,583.39,29.89,71.2,0.92,0.026
303,011104065J03H,Юра,583.39,29.89,71.2,0.81,0.103
303,011104065J03H,Юра,583.39,29.89,71.2,0.63,0.233
303,011104065J03H,Юра,583.39,29.89,71.2,0.48,0.414
303,011104065J03H,Юра,583.39,29.89,71.2,0.35,0.646
303,011104065J03H,Юра,583.39,29.89,71.2,0.31,1.267
303,011104065J05H,Юра,583.86,26.0,103.0,1.0,0.0
303,011104065J05H,Юра,583.86,26.0,103.0,0.95,0.006
303,011104065J05H,Юра,583.86,26.0,103.0,0.91,0.026
303,011104065J05H,Юра,583.86,26.0,103.0,0.82,0.103
303,011104065J05H,Юра,583.86,26.0,103.0,0.68,0.233
303,011104065J05H,Юра,583.86,26.0,103.0,0.56,0.414
303,011104065J05H,Юра,583.86,26.0,103.0,0.45,0.646
303,011104065J05H,Юра,583.86,26.0,103.0,0.39,1.267
303,011104066J01H,Юра,584.19,29.52,87.7,1.0,0.0
303,011104066J01H,Юра,584.19,29.52,87.7,0.94,0.006
303,011104066J01H,Юра,584.19,29.52,87.7,0.87,0.026
303,011104066J01H,Юра,584.19,29.52,87.7,0.75,0.103
303,011104066J01H,Юра,584.19,29.52,87.7,0.61,0.233
303,011104066J01H,Юра,584.19,29.52,87.7,0.48,0.414
303,011104066J01H,Юра,584.19,29.52,87.7,0.38,0.646
303,011104066J01H,Юра,584.19,29.52,87.7,0.35,1.267
303,011104066J04H,Юра,584.77,26.94,86.6,1.0,0.0
303,011104066J04H,Юра,584.77,26.94,86.6,0.97,0.006
303,011104066J04H,Юра,584.77,26.94,86.6,0.91,0.026
303,011104066J04H,Юра,584.77,26.94,86.6,0.79,0.103
303,011104066J04H,Юра,584.77,26.94,86.6,0.67,0.233
303,011104066J04H,Юра,584.77,26.94,86.6,0.54,0.414
303,011104066J04H,Юра,584.77,26.94,86.6,0.45,0.646
303,011104066J04H,Юра,584.77,26.94,86.6,0.41,1.267
303,011104066J05H,Юра,584.95,28.37,93.1,1.0,0.0
303,011104066J05H,Юра,584.95,28.37,93.1,0.95,0.006
303,011104066J05H,Юра,584.95,28.37,93.1,0.87,0.026
303,011104066J05H,Юра,584.95,28.37,93.1,0.77,0.103
303,011104066J05H,Юра,584.95,28.37,93.1,0.59,0.233
303,011104066J05H,Юра,584.95,28.37,93.1,0.48,0.414
303,011104066J05H,Юра,584.95,28.37,93.1,0.41,0.646
303,011104066J05H,Юра,584.95,28.37,93.1,0.36,1.267
303,011104069J01H,Юра,797.93,27.25,36.1,1.0,0.0
303,011104069J01H,Юра,797.93,27.25,36.1,0.97,0.006
303,011104069J01H,Юра,797.93,27.25,36.1,0.89,0.026
303,011104069J01H,Юра,797.93,27.25,36.1,0.77,0.104
303,011104069J01H,Юра,797.93,27.25,36.1,0.6,0.233
303,011104069J01H,Юра,797.93,27.25,36.1,0.48,0.414
303,011104069J01H,Юра,797.93,27.25,36.1,0.39,0.647
303,011104069J01H,Юра,797.93,27.25,36.1,0.36,1.268
303,011104070J01H,Юра,798.14,32.05,656.0,1.0,0.0
303,011104070J01H,Юра,798.14,32.05,656.0,0.92,0.006
303,011104070J01H,Юра,798.14,32.05,656.0,0.83,0.026
303,011104070J01H,Юра,798.14,32.05,656.0,0.72,0.104
303,011104070J01H,Юра,798.14,32.05,656.0,0.52,0.233
303,011104070J01H,Юра,798.14,32.05,656.0,0.4,0.414
303,011104070J01H,Юра,798.14,32.05,656.0,0.29,0.647
303,011104070J01H,Юра,798.14,32.05,656.0,0.27,1.268
305,011106015J01H,Юра,1200.85,9.8,1.35,1.0,0.0
305,011106015J01H,Юра,1200.85,9.8,1.35,0.919,0.003
305,011106015J01H,Юра,1200.85,9.8,1.35,0.839,0.007
305,011106015J01H,Юра,1200.85,9.8,1.35,0.777,0.014
305,011106015J01H,Юра,1200.85,9.8,1.35,0.717,0.028
305,011106015J01H,Юра,1200.85,9.8,1.35,0.665,0.055
305,011106015J01H,Юра,1200.85,9.8,1.35,0.62,0.103
305,011106015J01H,Юра,1200.85,9.8,1.35,0.582,0.241
305,011106015J01H,Юра,1200.85,9.8,1.35,0.547,0.483
305,011106015J01H,Юра,1200.85,9.8,1.35,0.517,0.827
305,011106015J01H,Юра,1200.85,9.8,1.35,0.502,1.379
305,011106015J03H,Юра,1201.7,10.3,1.0,1.0,0.0
305,011106015J03H,Юра,1201.7,10.3,1.0,0.896,0.003
305,011106015J03H,Юра,1201.7,10.3,1.0,0.8,0.007
305,011106015J03H,Юра,1201.7,10.3,1.0,0.717,0.014
305,011106015J03H,Юра,1201.7,10.3,1.0,0.648,0.028
305,011106015J03H,Юра,1201.7,10.3,1.0,0.605,0.055
305,011106015J03H,Юра,1201.7,10.3,1.0,0.574,0.103
305,011106015J03H,Юра,1201.7,10.3,1.0,0.546,0.241
305,011106015J03H,Юра,1201.7,10.3,1.0,0.518,0.483
305,011106015J03H,Юра,1201.7,10.3,1.0,0.494,0.827
305,011106015J03H,Юра,1201.7,10.3,1.0,0.477,1.379
305,011106017J01H,Юра,1203.3,32.4,4250.0,1.0,0.0
305,011106017J01H,Юра,1203.3,32.4,4250.0,0.866,0.003
305,011106017J01H,Юра,1203.3,32.4,4250.0,0.737,0.007
305,011106017J01H,Юра,1203.3,32.4,4250.0,0.61,0.014
305,011106017J01H,Юра,1203.3,32.4,4250.0,0.503,0.028
305,011106017J01H,Юра,1203.3,32.4,4250.0,0.418,0.055
305,011106017J01H,Юра,1203.3,32.4,4250.0,0.345,0.103
305,011106017J01H,Юра,1203.3,32.4,4250.0,0.297,0.241
305,011106017J01H,Юра,1203.3,32.4,4250.0,0.271,0.483
305,011106017J01H,Юра,1203.3,32.4,4250.0,0.249,0.827
305,011106017J01H,Юра,1203.3,32.4,4250.0,0.233,1.379
305,011106017J02H,Юра,1203.7,32.7,4600.0,1.0,0.0
305,011106017J02H,Юра,1203.7,32.7,4600.0,0.849,0.003
305,011106017J02H,Юра,1203.7,32.7,4600.0,0.701,0.007
305,011106017J02H,Юра,1203.7,32.7,4600.0,0.575,0.014
305,011106017J02H,Юра,1203.7,32.7,4600.0,0.464,0.028
305,011106017J02H,Юра,1203.7,32.7,4600.0,0.387,0.055
305,011106017J02H,Юра,1203.7,32.7,4600.0,0.32,0.103
305,011106017J02H,Юра,1203.7,32.7,4600.0,0.264,0.241
305,011106017J02H,Юра,1203.7,32.7,4600.0,0.234,0.483
305,011106017J02H,Юра,1203.7,32.7,4600.0,0.21,0.827
305,011106017J02H,Юра,1203.7,32.7,4600.0,0.204,1.379
305,011106018J01H,Юра,1203.85,33.1,4150.0,1.0,0.0
305,011106018J01H,Юра,1203.85,33.1,4150.0,0.856,0.003
305,011106018J01H,Юра,1203.85,33.1,4150.0,0.711,0.007
305,011106018J01H,Юра,1203.85,33.1,4150.0,0.593,0.014
305,011106018J01H,Юра,1203.85,33.1,4150.0,0.476,0.028
305,011106018J01H,Юра,1203.85,33.1,4150.0,0.416,0.055
305,011106018J01H,Юра,1203.85,33.1,4150.0,0.36,0.103
305,011106018J01H,Юра,1203.85,33.1,4150.0,0.305,0.241
305,011106018J01H,Юра,1203.85,33.1,4150.0,0.256,0.483
305,011106018J01H,Юра,1203.85,33.1,4150.0,0.212,0.827
305,011106018J01H,Юра,1203.85,33.1,4150.0,0.198,1.379
305,011106018J02H,Юра,1204.1,32.7,4150.0,1.0,0.0
305,011106018J02H,Юра,1204.1,32.7,4150.0,0.869,0.003
305,011106018J02H,Юра,1204.1,32.7,4150.0,0.741,0.007
305,011106018J02H,Юра,1204.1,32.7,4150.0,0.62,0.014
305,011106018J02H,Юра,1204.1,32.7,4150.0,0.526,0.028
305,011106018J02H,Юра,1204.1,32.7,4150.0,0.442,0.055
305,011106018J02H,Юра,1204.1,32.7,4150.0,0.375,0.103
305,011106018J02H,Юра,1204.1,32.7,4150.0,0.314,0.241
305,011106018J02H,Юра,1204.1,32.7,4150.0,0.271,0.483
305,011106018J02H,Юра,1204.1,32.7,4150.0,0.23,0.827
305,011106018J02H,Юра,1204.1,32.7,4150.0,0.2,1.379
305,011106019J03H,Юра,1205.38,9.0,7.18,1.0,0.0
305,011106019J03H,Юра,1205.38,9.0,7.18,0.887,0.003
305,011106019J03H,Юра,1205.38,9.0,7.18,0.784,0.007
305,011106019J03H,Юра,1205.38,9.0,7.18,0.693,0.014
305,011106019J03H,Юра,1205.38,9.0,7.18,0.602,0.028
305,011106019J03H,Юра,1205.38,9.0,7.18,0.523,0.055
305,011106019J03H,Юра,1205.38,9.0,7.18,0.445,0.103
305,011106019J03H,Юра,1205.38,9.0,7.18,0.408,0.241
305,011106019J03H,Юра,1205.38,9.0,7.18,0.377,0.483
305,011106019J03H,Юра,1205.38,9.0,7.18,0.348,0.827
305,011106019J03H,Юра,1205.38,9.0,7.18,0.344,1.379
305,011106021J01H,Юра,1206.9,7.5,1.08,1.0,0.0
305,011106021J01H,Юра,1206.9,7.5,1.08,0.872,0.003
305,011106021J01H,Юра,1206.9,7.5,1.08,0.751,0.007
305,011106021J01H,Юра,1206.9,7.5,1.08,0.669,0.014
305,011106021J01H,Юра,1206.9,7.5,1.08,0.61,0.028
305,011106021J01H,Юра,1206.9,7.5,1.08,0.56,0.055
305,011106021J01H,Юра,1206.9,7.5,1.08,0.526,0.103
305,011106021J01H,Юра,1206.9,7.5,1.08,0.519,0.241
305,011106021J01H,Юра,1206.9,7.5,1.08,0.512,0.483
305,011106021J01H,Юра,1206.9,7.5,1.08,0.507,0.827
305,011106021J01H,Юра,1206.9,7.5,1.08,0.504,1.379
306,011105003K01H,Юра,438.83,32.7,15.0,1.0,0.0
306,011105003K01H,Юра,438.83,32.7,15.0,0.883,0.025
306,011105003K01H,Юра,438.83,32.7,15.0,0.773,0.056
306,011105003K01H,Юра,438.83,32.7,15.0,0.675,0.1
306,011105003K01H,Юра,438.83,32.7,15.0,0.593,0.157
306,011105003K01H,Юра,438.83,32.7,15.0,0.514,0.226
306,011105003K01H,Юра,438.83,32.7,15.0,0.446,0.307
306,011105003K01H,Юра,438.83,32.7,15.0,0.403,0.402
306,011105003K01H,Юра,438.83,32.7,15.0,0.365,0.628
306,011105003K01H,Юра,438.83,32.7,15.0,0.352,0.903
306,011105003K01H,Юра,438.83,32.7,15.0,0.344,1.23
306,011105014K01H,Юра,458.03,30.7,38.1,1.0,0.0
306,011105014K01H,Юра,458.03,30.7,38.1,0.896,0.025
306,011105014K01H,Юра,458.03,30.7,38.1,0.792,0.056
306,011105014K01H,Юра,458.03,30.7,38.1,0.691,0.1
306,011105014K01H,Юра,458.03,30.7,38.1,0.592,0.157
306,011105014K01H,Юра,458.03,30.7,38.1,0.506,0.226
306,011105014K01H,Юра,458.03,30.7,38.1,0.451,0.307
306,011105014K01H,Юра,458.03,30.7,38.1,0.42,0.402
306,011105014K01H,Юра,458.03,30.7,38.1,0.396,0.628
306,011105014K01H,Юра,458.03,30.7,38.1,0.381,0.903
306,011105014K01H,Юра,458.03,30.7,38.1,0.376,1.23
306,011105020K01H,Юра,464.3,28.1,117.8,1.0,0.0
306,011105020K01H,Юра,464.3,28.1,117.8,0.879,0.025
306,011105020K01H,Юра,464.3,28.1,117.8,0.769,0.056
306,011105020K01H,Юра,464.3,28.1,117.8,0.661,0.1
306,011105020K01H,Юра,464.3,28.1,117.8,0.579,0.157
306,011105020K01H,Юра,464.3,28.1,117.8,0.507,0.226
306,011105020K01H,Юра,464.3,28.1,117.8,0.437,0.307
306,011105020K01H,Юра,464.3,28.1,117.8,0.392,0.402
306,011105020K01H,Юра,464.3,28.1,117.8,0.361,0.628
306,011105020K01H,Юра,464.3,28.1,117.8,0.33,0.903
306,011105020K01H,Юра,464.3,28.1,117.8,0.327,1.23
306,011105020K02H,Юра,464.39,24.9,23.8,1.0,0.0
306,011105020K02H,Юра,464.39,24.9,23.8,0.862,0.025
306,011105020K02H,Юра,464.39,24.9,23.8,0.734,0.056
306,011105020K02H,Юра,464.39,24.9,23.8,0.613,0.1
306,011105020K02H,Юра,464.39,24.9,23.8,0.495,0.157
306,011105020K02H,Юра,464.39,24.9,23.8,0.43,0.226
306,011105020K02H,Юра,464.39,24.9,23.8,0.395,0.307
306,011105020K02H,Юра,464.39,24.9,23.8,0.374,0.402
306,011105020K02H,Юра,464.39,24.9,23.8,0.357,0.628
306,011105020K02H,Юра,464.39,24.9,23.8,0.348,0.903
306,011105020K02H,Юра,464.39,24.9,23.8,0.348,1.23
306,011105020K03H,Юра,464.64,23.7,70.5,1.0,0.0
306,011105020K03H,Юра,464.64,23.7,70.5,0.907,0.025
306,011105020K03H,Юра,464.64,23.7,70.5,0.815,0.056
306,011105020K03H,Юра,464.64,23.7,70.5,0.735,0.1
306,011105020K03H,Юра,464.64,23.7,70.5,0.657,0.157
306,011105020K03H,Юра,464.64,23.7,70.5,0.589,0.226
306,011105020K03H,Юра,464.64,23.7,70.5,0.522,0.307
306,011105020K03H,Юра,464.64,23.7,70.5,0.461,0.402
306,011105020K03H,Юра,464.64,23.7,70.5,0.42,0.628
306,011105020K03H,Юра,464.64,23.7,70.5,0.381,0.903
306,011105020K03H,Юра,464.64,23.7,70.5,0.364,1.23
306,011105021K01H,Юра,465.35,34.0,211.3,1.0,0.0
306,011105021K01H,Юра,465.35,34.0,211.3,0.848,0.025
306,011105021K01H,Юра,465.35,34.0,211.3,0.698,0.056
306,011105021K01H,Юра,465.35,34.0,211.3,0.603,0.1
306,011105021K01H,Юра,465.35,34.0,211.3,0.519,0.157
306,011105021K01H,Юра,465.35,34.0,211.3,0.456,0.226
306,011105021K01H,Юра,465.35,34.0,211.3,0.405,0.307
306,011105021K01H,Юра,465.35,34.0,211.3,0.371,0.402
306,011105021K01H,Юра,465.35,34.0,211.3,0.35,0.628
306,011105021K01H,Юра,465.35,34.0,211.3,0.333,0.903
306,011105021K01H,Юра,465.35,34.0,211.3,0.323,1.23
306,011105025K01H,Юра,469.1,34.1,294.3,1.0,0.0
306,011105025K01H,Юра,469.1,34.1,294.3,0.879,0.025
306,011105025K01H,Юра,469.1,34.1,294.3,0.767,0.056
306,011105025K01H,Юра,469.1,34.1,294.3,0.665,0.1
306,011105025K01H,Юра,469.1,34.1,294.3,0.569,0.157
306,011105025K01H,Юра,469.1,34.1,294.3,0.49,0.226
306,011105025K01H,Юра,469.1,34.1,294.3,0.422,0.307
306,011105025K01H,Юра,469.1,34.1,294.3,0.362,0.402
306,011105025K01H,Юра,469.1,34.1,294.3,0.305,0.628
306,011105025K01H,Юра,469.1,34.1,294.3,0.249,0.903
306,011105025K01H,Юра,469.1,34.1,294.3,0.243,1.23
306,011105028K01H,Юра,472.07,33.3,87.2,1.0,0.0
306,011105028K01H,Юра,472.07,33.3,87.2,0.894,0.025
306,011105028K01H,Юра,472.07,33.3,87.2,0.79,0.056
306,011105028K01H,Юра,472.07,33.3,87.2,0.698,0.1
306,011105028K01H,Юра,472.07,33.3,87.2,0.627,0.157
306,011105028K01H,Юра,472.07,33.3,87.2,0.561,0.226
306,011105028K01H,Юра,472.07,33.3,87.2,0.496,0.307
306,011105028K01H,Юра,472.07,33.3,87.2,0.444,0.402
306,011105028K01H,Юра,472.07,33.3,87.2,0.404,0.628
306,011105028K01H,Юра,472.07,33.3,87.2,0.37,0.903
306,011105028K01H,Юра,472.07,33.3,87.2,0.345,1.23
306,011105036K01H,Юра,480.34,31.7,196.5,1.0,0.0
306,011105036K01H,Юра,480.34,31.7,196.5,0.853,0.025
306,011105036K01H,Юра,480.34,31.7,196.5,0.731,0.056
306,011105036K01H,Юра,480.34,31.7,196.5,0.632,0.1
306,011105036K01H,Юра,480.34,31.7,196.5,0.542,0.157
306,011105036K01H,Юра,480.34,31.7,196.5,0.472,0.226
306,011105036K01H,Юра,480.34,31.7,196.5,0.415,0.307
306,011105036K01H,Юра,480.34,31.7,196.5,0.365,0.402
306,011105036K01H,Юра,480.34,31.7,196.5,0.332,0.628
306,011105036K01H,Юра,480.34,31.7,196.5,0.323,0.903
306,011105036K01H,Юра,480.34,31.7,196.5,0.315,1.23
306,011105036K02H,Юра,480.52,23.4,25.3,1.0,0.0
306,011105036K02H,Юра,480.52,23.4,25.3,0.851,0.025
306,011105036K02H,Юра,480.52,23.4,25.3,0.752,0.056
306,011105036K02H,Юра,480.52,23.4,25.3,0.668,0.1
306,011105036K02H,Юра,480.52,23.4,25.3,0.598,0.157
306,011105036K02H,Юра,480.52,23.4,25.3,0.543,0.226
306,011105036K02H,Юра,480.52,23.4,25.3,0.497,0.307
306,011105036K02H,Юра,480.52,23.4,25.3,0.456,0.402
306,011105036K02H,Юра,480.52,23.4,25.3,0.424,0.628
306,011105036K02H,Юра,480.52,23.4,25.3,0.395,0.903
306,011105036K02H,Юра,480.52,23.4,25.3,0.39,1.23
306,011105036K03H,Юра,480.61,22.6,48.7,1.0,0.0
306,011105036K03H,Юра,480.61,22.6,48.7,0.869,0.025
306,011105036K03H,Юра,480.61,22.6,48.7,0.739,0.056
306,011105036K03H,Юра,480.61,22.6,48.7,0.662,0.1
306,011105036K03H,Юра,480.61,22.6,48.7,0.595,0.157
306,011105036K03H,Юра,480.61,22.6,48.7,0.542,0.226
306,011105036K03H,Юра,480.61,22.6,48.7,0.491,0.307
306,011105036K03H,Юра,480.61,22.6,48.7,0.441,0.402
306,011105036K03H,Юра,480.61,22.6,48.7,0.412,0.628
306,011105036K03H,Юра,480.61,22.6,48.7,0.386,0.903
306,011105036K03H,Юра,480.61,22.6,48.7,0.363,1.23
306,011105037K01H,Юра,481.35,35.6,385.2,1.0,0.0
306,011105037K01H,Юра,481.35,35.6,385.2,0.862,0.025
306,011105037K01H,Юра,481.35,35.6,385.2,0.737,0.056
306,011105037K01H,Юра,481.35,35.6,385.2,0.631,0.1
306,011105037K01H,Юра,481.35,35.6,385.2,0.546,0.157
306,011105037K01H,Юра,481.35,35.6,385.2,0.476,0.226
306,011105037K01H,Юра,481.35,35.6,385.2,0.424,0.307
306,011105037K01H,Юра,481.35,35.6,385.2,0.378,0.402
306,011105037K01H,Юра,481.35,35.6,385.2,0.347,0.628
306,011105037K01H,Юра,481.35,35.6,385.2,0.319,0.903
306,011105037K01H,Юра,481.35,35.6,385.2,0.31,1.23
306,011105039K02H,Юра,483.72,39.3,60.6,1.0,0.0
306,011105039K02H,Юра,483.72,39.3,60.6,0.897,0.025
306,011105039K02H,Юра,483.72,39.3,60.6,0.802,0.056
306,011105039K02H,Юра,483.72,39.3,60.6,0.71,0.1
306,011105039K02H,Юра,483.72,39.3,60.6,0.621,0.157
306,011105039K02H,Юра,483.72,39.3,60.6,0.538,0.226
306,011105039K02H,Юра,483.72,39.3,60.6,0.465,0.307
306,011105039K02H,Юра,483.72,39.3,60.6,0.438,0.402
306,011105039K02H,Юра,483.72,39.3,60.6,0.412,0.628
306,011105039K02H,Юра,483.72,39.3,60.6,0.387,0.903
306,011105039K02H,Юра,483.72,39.3,60.6,0.385,1.23
306,011105040K01H,Юра,484.25,40.1,74.4,1.0,0.0
306,011105040K01H,Юра,484.25,40.1,74.4,0.87,0.025
306,011105040K01H,Юра,484.25,40.1,74.4,0.751,0.056
306,011105040K01H,Юра,484.25,40.1,74.4,0.651,0.1
306,011105040K01H,Юра,484.25,40.1,74.4,0.552,0.157
306,011105040K01H,Юра,484.25,40.1,74.4,0.46,0.226
306,011105040K01H,Юра,484.25,40.1,74.4,0.38,0.307
306,011105040K01H,Юра,484.25,40.1,74.4,0.337,0.402
306,011105040K01H,Юра,484.25,40.1,74.4,0.333,0.628
306,011105040K01H,Юра,484.25,40.1,74.4,0.331,0.903
306,011105040K01H,Юра,484.25,40.1,74.4,0.33,1.23
306,011105041K01H,Юра,485.19,39.8,167.6,1.0,0.0
306,011105041K01H,Юра,485.19,39.8,167.6,0.841,0.025
306,011105041K01H,Юра,485.19,39.8,167.6,0.711,0.056
306,011105041K01H,Юра,485.19,39.8,167.6,0.598,0.1
306,011105041K01H,Юра,485.19,39.8,167.6,0.495,0.157
306,011105041K01H,Юра,485.19,39.8,167.6,0.461,0.226
306,011105041K01H,Юра,485.19,39.8,167.6,0.436,0.307
306,011105041K01H,Юра,485.19,39.8,167.6,0.412,0.402
306,011105041K01H,Юра,485.19,39.8,167.6,0.392,0.628
306,011105041K01H,Юра,485.19,39.8,167.6,0.377,0.903
306,011105041K01H,Юра,485.19,39.8,167.6,0.363,1.23
306,011105042K01H,Юра,486.78,39.6,241.2,1.0,0.0
306,011105042K01H,Юра,486.78,39.6,241.2,0.864,0.025
306,011105042K01H,Юра,486.78,39.6,241.2,0.75,0.056
306,011105042K01H,Юра,486.78,39.6,241.2,0.653,0.1
306,011105042K01H,Юра,486.78,39.6,241.2,0.571,0.157
306,011105042K01H,Юра,486.78,39.6,241.2,0.49,0.226
306,011105042K01H,Юра,486.78,39.6,241.2,0.443,0.307
306,011105042K01H,Юра,486.78,39.6,241.2,0.402,0.402
306,011105042K01H,Юра,486.78,39.6,241.2,0.367,0.628
306,011105042K01H,Юра,486.78,39.6,241.2,0.335,0.903
306,011105042K01H,Юра,486.78,39.6,241.2,0.317,1.23
306,011105043K02H,Юра,487.77,38.7,167.0,1.0,0.0
306,011105043K02H,Юра,487.77,38.7,167.0,0.861,0.025
306,011105043K02H,Юра,487.77,38.7,167.0,0.76,0.056
306,011105043K02H,Юра,487.77,38.7,167.0,0.674,0.1
306,011105043K02H,Юра,487.77,38.7,167.0,0.605,0.157
306,011105043K02H,Юра,487.77,38.7,167.0,0.542,0.226
306,011105043K02H,Юра,487.77,38.7,167.0,0.492,0.307
306,011105043K02H,Юра,487.77,38.7,167.0,0.447,0.402
306,011105043K02H,Юра,487.77,38.7,167.0,0.411,0.628
306,011105043K02H,Юра,487.77,38.7,167.0,0.377,0.903
306,011105043K02H,Юра,487.77,38.7,167.0,0.376,1.23
306,011105044K01H,Юра,488.42,38.3,394.5,1.0,0.0
306,011105044K01H,Юра,488.42,38.3,394.5,0.87,0.025
306,011105044K01H,Юра,488.42,38.3,394.5,0.74,0.056
306,011105044K01H,Юра,488.42,38.3,394.5,0.624,0.1
306,011105044K01H,Юра,488.42,38.3,394.5,0.514,0.157
306,011105044K01H,Юра,488.42,38.3,394.5,0.45,0.226
306,011105044K01H,Юра,488.42,38.3,394.5,0.402,0.307
306,011105044K01H,Юра,488.42,38.3,394.5,0.378,0.402
306,011105044K01H,Юра,488.42,38.3,394.5,0.361,0.628
306,011105044K01H,Юра,488.42,38.3,394.5,0.358,0.903
306,011105044K01H,Юра,488.42,38.3,394.5,0.356,1.23
306,011105045K01H,Юра,489.34,29.7,13.8,1.0,0.0
306,011105045K01H,Юра,489.34,29.7,13.8,0.887,0.025
306,011105045K01H,Юра,489.34,29.7,13.8,0.791,0.056
306,011105045K01H,Юра,489.34,29.7,13.8,0.71,0.1
306,011105045K01H,Юра,489.34,29.7,13.8,0.637,0.157
306,011105045K01H,Юра,489.34,29.7,13.8,0.566,0.226
306,011105045K01H,Юра,489.34,29.7,13.8,0.502,0.307
306,011105045K01H,Юра,489.34,29.7,13.8,0.456,0.402
306,011105045K01H,Юра,489.34,29.7,13.8,0.423,0.628
306,011105045K01H,Юра,489.34,29.7,13.8,0.398,0.903
306,011105045K01H,Юра,489.34,29.7,13.8,0.385,1.23
306,011105046K01H,Юра,490.32,34.4,61.8,1.0,0.0
306,011105046K01H,Юра,490.32,34.4,61.8,0.904,0.025
306,011105046K01H,Юра,490.32,34.4,61.8,0.809,0.056
306,011105046K01H,Юра,490.32,34.4,61.8,0.745,0.1
306,011105046K01H,Юра,490.32,34.4,61.8,0.683,0.157
306,011105046K01H,Юра,490.32,34.4,61.8,0.625,0.226
306,011105046K01H,Юра,490.32,34.4,61.8,0.568,0.307
306,011105046K01H,Юра,490.32,34.4,61.8,0.516,0.402
306,011105046K01H,Юра,490.32,34.4,61.8,0.474,0.628
306,011105046K01H,Юра,490.32,34.4,61.8,0.434,0.903
306,011105046K01H,Юра,490.32,34.4,61.8,0.408,1.23
306,011105046K01H,Юра,491.82,37.1,78.4,1.0,0.0
306,011105046K01H,Юра,491.82,37.1,78.4,0.904,0.025
306,011105046K01H,Юра,491.82,37.1,78.4,0.809,0.056
306,011105046K01H,Юра,491.82,37.1,78.4,0.745,0.1
306,011105046K01H,Юра,491.82,37.1,78.4,0.683,0.157
306,011105046K01H,Юра,491.82,37.1,78.4,0.625,0.226
306,011105046K01H,Юра,491.82,37.1,78.4,0.568,0.307
306,011105046K01H,Юра,491.82,37.1,78.4,0.516,0.402
306,011105046K01H,Юра,491.82,37.1,78.4,0.474,0.628
306,011105046K01H,Юра,491.82,37.1,78.4,0.434,0.903
306,011105046K01H,Юра,491.82,37.1,78.4,0.408,1.23
306,011105049K02H,Юра,493.59,33.0,55.7,1.0,0.0
306,011105049K02H,Юра,493.59,33.0,55.7,0.902,0.025
306,011105049K02H,Юра,493.59,33.0,55.7,0.809,0.056
306,011105049K02H,Юра,493.59,33.0,55.7,0.732,0.1
306,011105049K02H,Юра,493.59,33.0,55.7,0.656,0.157
306,011105049K02H,Юра,493.59,33.0,55.7,0.58,0.226
306,011105049K02H,Юра,493.59,33.0,55.7,0.518,0.307
306,011105049K02H,Юра,493.59,33.0,55.7,0.467,0.402
306,011105049K02H,Юра,493.59,33.0,55.7,0.427,0.628
306,011105049K02H,Юра,493.59,33.0,55.7,0.393,0.903
306,011105049K02H,Юра,493.59,33.0,55.7,0.366,1.23
306,011105052K02H,Юра,496.37,33.0,32.4,1.0,0.0
306,011105052K02H,Юра,496.37,33.0,32.4,0.866,0.025
306,011105052K02H,Юра,496.37,33.0,32.4,0.754,0.056
306,011105052K02H,Юра,496.37,33.0,32.4,0.669,0.1
306,011105052K02H,Юра,496.37,33.0,32.4,0.611,0.157
306,011105052K02H,Юра,496.37,33.0,32.4,0.553,0.226
306,011105052K02H,Юра,496.37,33.0,32.4,0.507,0.307
306,011105052K02H,Юра,496.37,33.0,32.4,0.461,0.402
306,011105052K02H,Юра,496.37,33.0,32.4,0.43,0.628
306,011105052K02H,Юра,496.37,33.0,32.4,0.403,0.903
306,011105052K02H,Юра,496.37,33.0,32.4,0.376,1.23
306,011105052K04H,Юра,496.94,36.3,234.6,1.0,0.0
306,011105052K04H,Юра,496.94,36.3,234.6,0.871,0.025
306,011105052K04H,Юра,496.94,36.3,234.6,0.747,0.056
306,011105052K04H,Юра,496.94,36.3,234.6,0.645,0.1
306,011105052K04H,Юра,496.94,36.3,234.6,0.546,0.157
306,011105052K04H,Юра,496.94,36.3,234.6,0.464,0.226
306,011105052K04H,Юра,496.94,36.3,234.6,0.409,0.307
306,011105052K04H,Юра,496.94,36.3,234.6,0.357,0.402
306,011105052K04H,Юра,496.94,36.3,234.6,0.332,0.628
306,011105052K04H,Юра,496.94,36.3,234.6,0.324,0.903
306,011105052K04H,Юра,496.94,36.3,234.6,0.321,1.23
306,011105053K01H,Юра,497.34,37.1,217.2,1.0,0.0
306,011105053K01H,Юра,497.34,37.1,217.2,0.882,0.025
306,011105053K01H,Юра,497.34,37.1,217.2,0.777,0.056
306,011105053K01H,Юра,497.34,37.1,217.2,0.673,0.1
306,011105053K01H,Юра,497.34,37.1,217.2,0.57,0.157
306,011105053K01H,Юра,497.34,37.1,217.2,0.496,0.226
306,011105053K01H,Юра,497.34,37.1,217.2,0.441,0.307
306,011105053K01H,Юра,497.34,37.1,217.2,0.397,0.402
306,011105053K01H,Юра,497.34,37.1,217.2,0.363,0.628
306,011105053K01H,Юра,497.34,37.1,217.2,0.347,0.903
306,011105053K01H,Юра,497.34,37.1,217.2,0.341,1.23
306,011105054K01H,Юра,498.2,34.5,117.0,1.0,0.0
306,011105054K01H,Юра,498.2,34.5,117.0,0.898,0.025
306,011105054K01H,Юра,498.2,34.5,117.0,0.804,0.056
306,011105054K01H,Юра,498.2,34.5,117.0,0.713,0.1
306,011105054K01H,Юра,498.2,34.5,117.0,0.64,0.157
306,011105054K01H,Юра,498.2,34.5,117.0,0.582,0.226
306,011105054K01H,Юра,498.2,34.5,117.0,0.524,0.307
306,011105054K01H,Юра,498.2,34.5,117.0,0.477,0.402
306,011105054K01H,Юра,498.2,34.5,117.0,0.441,0.628
306,011105054K01H,Юра,498.2,34.5,117.0,0.405,0.903
306,011105054K01H,Юра,498.2,34.5,117.0,0.39,1.23
306,011105055K01H,Юра,499.2,33.3,52.6,1.0,0.0
306,011105055K01H,Юра,499.2,33.3,52.6,0.849,0.025
306,011105055K01H,Юра,499.2,33.3,52.6,0.731,0.056
306,011105055K01H,Юра,499.2,33.3,52.6,0.632,0.1
306,011105055K01H,Юра,499.2,33.3,52.6,0.544,0.157
306,011105055K01H,Юра,499.2,33.3,52.6,0.469,0.226
306,011105055K01H,Юра,499.2,33.3,52.6,0.416,0.307
306,011105055K01H,Юра,499.2,33.3,52.6,0.387,0.402
306,011105055K01H,Юра,499.2,33.3,52.6,0.362,0.628
306,011105055K01H,Юра,499.2,33.3,52.6,0.337,0.903
306,011105055K01H,Юра,499.2,33.3,52.6,0.318,1.23
306,011105055K02H,Юра,499.63,32.3,71.3,1.0,0.0
306,011105055K02H,Юра,499.63,32.3,71.3,0.911,0.025
306,011105055K02H,Юра,499.63,32.3,71.3,0.829,0.056
306,011105055K02H,Юра,499.63,32.3,71.3,0.75,0.1
306,011105055K02H,Юра,499.63,32.3,71.3,0.674,0.157
306,011105055K02H,Юра,499.63,32.3,71.3,0.601,0.226
306,011105055K02H,Юра,499.63,32.3,71.3,0.535,0.307
306,011105055K02H,Юра,499.63,32.3,71.3,0.472,0.402
306,011105055K02H,Юра,499.63,32.3,71.3,0.438,0.628
306,011105055K02H,Юра,499.63,32.3,71.3,0.406,0.903
306,011105055K02H,Юра,499.63,32.3,71.3,0.391,1.23
306,011105058K01H,Юра,502.25,35.3,176.0,1.0,0.0
306,011105058K01H,Юра,502.25,35.3,176.0,0.861,0.025
306,011105058K01H,Юра,502.25,35.3,176.0,0.722,0.056
306,011105058K01H,Юра,502.25,35.3,176.0,0.623,0.1
306,011105058K01H,Юра,502.25,35.3,176.0,0.532,0.157
306,011105058K01H,Юра,502.25,35.3,176.0,0.467,0.226
306,011105058K01H,Юра,502.25,35.3,176.0,0.412,0.307
306,011105058K01H,Юра,502.25,35.3,176.0,0.377,0.402
306,011105058K01H,Юра,502.25,35.3,176.0,0.359,0.628
306,011105058K01H,Юра,502.25,35.3,176.0,0.348,0.903
306,011105058K01H,Юра,502.25,35.3,176.0,0.343,1.23
306,011105059K01H,Юра,503.35,34.7,421.1,1.0,0.0
306,011105059K01H,Юра,503.35,34.7,421.1,0.874,0.025
306,011105059K01H,Юра,503.35,34.7,421.1,0.763,0.056
306,011105059K01H,Юра,503.35,34.7,421.1,0.667,0.1
306,011105059K01H,Юра,503.35,34.7,421.1,0.598,0.157
306,011105059K01H,Юра,503.35,34.7,421.1,0.531,0.226
306,011105059K01H,Юра,503.35,34.7,421.1,0.477,0.307
306,011105059K01H,Юра,503.35,34.7,421.1,0.429,0.402
306,011105059K01H,Юра,503.35,34.7,421.1,0.385,0.628
306,011105059K01H,Юра,503.35,34.7,421.1,0.365,0.903
306,011105059K01H,Юра,503.35,34.7,421.1,0.357,1.23
306,011105060K01H,Юра,504.21,36.0,576.1,1.0,0.0
306,011105060K01H,Юра,504.21,36.0,576.1,0.904,0.025
306,011105060K01H,Юра,504.21,36.0,576.1,0.808,0.056
306,011105060K01H,Юра,504.21,36.0,576.1,0.715,0.1
306,011105060K01H,Юра,504.21,36.0,576.1,0.634,0.157
306,011105060K01H,Юра,504.21,36.0,576.1,0.562,0.226
306,011105060K01H,Юра,504.21,36.0,576.1,0.494,0.307
306,011105060K01H,Юра,504.21,36.0,576.1,0.451,0.402
306,011105060K01H,Юра,504.21,36.0,576.1,0.414,0.628
306,011105060K01H,Юра,504.21,36.0,576.1,0.379,0.903
306,011105060K01H,Юра,504.21,36.0,576.1,0.346,1.23
306,011105061K01H,Юра,505.13,35.7,330.7,1.0,0.0
306,011105061K01H,Юра,505.13,35.7,330.7,0.899,0.025
306,011105061K01H,Юра,505.13,35.7,330.7,0.802,0.056
306,011105061K01H,Юра,505.13,35.7,330.7,0.71,0.1
306,011105061K01H,Юра,505.13,35.7,330.7,0.619,0.157
306,011105061K01H,Юра,505.13,35.7,330.7,0.545,0.226
306,011105061K01H,Юра,505.13,35.7,330.7,0.479,0.307
306,011105061K01H,Юра,505.13,35.7,330.7,0.43,0.402
306,011105061K01H,Юра,505.13,35.7,330.7,0.386,0.628
306,011105061K01H,Юра,505.13,35.7,330.7,0.363,0.903
306,011105061K01H,Юра,505.13,35.7,330.7,0.353,1.23
306,011105063K01H,Юра,507.3,36.7,735.6,1.0,0.0
306,011105063K01H,Юра,507.3,36.7,735.6,0.87,0.025
306,011105063K01H,Юра,507.3,36.7,735.6,0.751,0.056
306,011105063K01H,Юра,507.3,36.7,735.6,0.645,0.1
306,011105063K01H,Юра,507.3,36.7,735.6,0.54,0.157
306,011105063K01H,Юра,507.3,36.7,735.6,0.479,0.226
306,011105063K01H,Юра,507.3,36.7,735.6,0.434,0.307
306,011105063K01H,Юра,507.3,36.7,735.6,0.394,0.402
306,011105063K01H,Юра,507.3,36.7,735.6,0.359,0.628
306,011105063K01H,Юра,507.3,36.7,735.6,0.343,0.903
306,011105063K01H,Юра,507.3,36.7,735.6,0.328,1.23
306,011105064K02H,Юра,508.68,35.0,577.6,1.0,0.0
306,011105064K02H,Юра,508.68,35.0,577.6,0.867,0.025
306,011105064K02H,Юра,508.68,35.0,577.6,0.736,0.056
306,011105064K02H,Юра,508.68,35.0,577.6,0.608,0.1
306,011105064K02H,Юра,508.68,35.0,577.6,0.487,0.157
306,011105064K02H,Юра,508.68,35.0,577.6,0.395,0.226
306,011105064K02H,Юра,508.68,35.0,577.6,0.327,0.307
306,011105064K02H,Юра,508.68,35.0,577.6,0.284,0.402
306,011105064K02H,Юра,508.68,35.0,577.6,0.263,0.628
306,011105064K02H,Юра,508.68,35.0,577.6,0.248,0.903
306,011105064K02H,Юра,508.68,35.0,577.6,0.247,1.23
306,011105065K02H,Юра,509.76,25.7,443.3,1.0,0.0
306,011105065K02H,Юра,509.76,25.7,443.3,0.889,0.025
306,011105065K02H,Юра,509.76,25.7,443.3,0.79,0.056
306,011105065K02H,Юра,509.76,25.7,443.3,0.696,0.1
306,011105065K02H,Юра,509.76,25.7,443.3,0.606,0.157
306,011105065K02H,Юра,509.76,25.7,443.3,0.528,0.226
306,011105065K02H,Юра,509.76,25.7,443.3,0.469,0.307
306,011105065K02H,Юра,509.76,25.7,443.3,0.416,0.402
306,011105065K02H,Юра,509.76,25.7,443.3,0.373,0.628
306,011105065K02H,Юра,509.76,25.7,443.3,0.331,0.903
306,011105065K02H,Юра,509.76,25.7,443.3,0.292,1.23
306,011105066K02H,Юра,510.71,33.5,159.8,1.0,0.0
306,011105066K02H,Юра,510.71,33.5,159.8,0.879,0.025
306,011105066K02H,Юра,510.71,33.5,159.8,0.775,0.056
306,011105066K02H,Юра,510.71,33.5,159.8,0.704,0.1
306,011105066K02H,Юра,510.71,33.5,159.8,0.635,0.157
306,011105066K02H,Юра,510.71,33.5,159.8,0.575,0.226
306,011105066K02H,Юра,510.71,33.5,159.8,0.521,0.307
306,011105066K02H,Юра,510.71,33.5,159.8,0.474,0.402
306,011105066K02H,Юра,510.71,33.5,159.8,0.434,0.628
306,011105066K02H,Юра,510.71,33.5,159.8,0.405,0.903
306,011105066K02H,Юра,510.71,33.5,159.8,0.382,1.23
306,011105067K02H,Юра,511.59,35.4,1360.0,1.0,0.0
306,011105067K02H,Юра,511.59,35.4,1360.0,0.869,0.025
306,011105067K02H,Юра,511.59,35.4,1360.0,0.758,0.056
306,011105067K02H,Юра,511.59,35.4,1360.0,0.652,0.1
306,011105067K02H,Юра,511.59,35.4,1360.0,0.555,0.157
306,011105067K02H,Юра,511.59,35.4,1360.0,0.477,0.226
306,011105067K02H,Юра,511.59,35.4,1360.0,0.407,0.307
306,011105067K02H,Юра,511.59,35.4,1360.0,0.378,0.402
306,011105067K02H,Юра,511.59,35.4,1360.0,0.355,0.628
306,011105067K02H,Юра,511.59,35.4,1360.0,0.348,0.903
306,011105067K02H,Юра,511.59,35.4,1360.0,0.348,1.23
306,011105068K01H,Юра,512.23,35.2,450.9,1.0,0.0
306,011105068K01H,Юра,512.23,35.2,450.9,0.88,0.025
306,011105068K01H,Юра,512.23,35.2,450.9,0.772,0.056
306,011105068K01H,Юра,512.23,35.2,450.9,0.663,0.1
306,011105068K01H,Юра,512.23,35.2,450.9,0.56,0.157
306,011105068K01H,Юра,512.23,35.2,450.9,0.465,0.226
306,011105068K01H,Юра,512.23,35.2,450.9,0.394,0.307
306,011105068K01H,Юра,512.23,35.2,450.9,0.338,0.402
306,011105068K01H,Юра,512.23,35.2,450.9,0.289,0.628
306,011105068K01H,Юра,512.23,35.2,450.9,0.281,0.903
306,011105068K01H,Юра,512.23,35.2,450.9,0.276,1.23
306,011105069K01H,Юра,513.15,34.7,702.8,1.0,0.0
306,011105069K01H,Юра,513.15,34.7,702.8,0.881,0.025
306,011105069K01H,Юра,513.15,34.7,702.8,0.766,0.056
306,011105069K01H,Юра,513.15,34.7,702.8,0.68,0.1
306,011105069K01H,Юра,513.15,34.7,702.8,0.603,0.157
306,011105069K01H,Юра,513.15,34.7,702.8,0.526,0.226
306,011105069K01H,Юра,513.15,34.7,702.8,0.473,0.307
306,011105069K01H,Юра,513.15,34.7,702.8,0.427,0.402
306,011105069K01H,Юра,513.15,34.7,702.8,0.382,0.628
306,011105069K01H,Юра,513.15,34.7,702.8,0.357,0.903
306,011105069K01H,Юра,513.15,34.7,702.8,0.349,1.23
306,011105070K02H,Юра,514.81,33.3,592.4,1.0,0.0
306,011105070K02H,Юра,514.81,33.3,592.4,0.881,0.025
306,011105070K02H,Юра,514.81,33.3,592.4,0.767,0.056
306,011105070K02H,Юра,514.81,33.3,592.4,0.673,0.1
306,011105070K02H,Юра,514.81,33.3,592.4,0.581,0.157
306,011105070K02H,Юра,514.81,33.3,592.4,0.492,0.226
306,011105070K02H,Юра,514.81,33.3,592.4,0.414,0.307
306,011105070K02H,Юра,514.81,33.3,592.4,0.364,0.402
306,011105070K02H,Юра,514.81,33.3,592.4,0.325,0.628
306,011105070K02H,Юра,514.81,33.3,592.4,0.297,0.903
306,011105070K02H,Юра,514.81,33.3,592.4,0.275,1.23
306,011105086K01H,Юра,729.22,23.8,25.4,1.0,0.0
306,011105086K01H,Юра,729.22,23.8,25.4,0.889,0.025
306,011105086K01H,Юра,729.22,23.8,25.4,0.787,0.056
306,011105086K01H,Юра,729.22,23.8,25.4,0.693,0.1
306,011105086K01H,Юра,729.22,23.8,25.4,0.604,0.157
306,011105086K01H,Юра,729.22,23.8,25.4,0.516,0.226
306,011105086K01H,Юра,729.22,23.8,25.4,0.47,0.307
306,011105086K01H,Юра,729.22,23.8,25.4,0.432,0.402
306,011105086K01H,Юра,729.22,23.8,25.4,0.394,0.628
306,011105086K01H,Юра,729.22,23.8,25.4,0.367,0.903
306,011105086K01H,Юра,729.22,23.8,25.4,0.358,1.23
306,011105086K02H,Юра,729.89,15.1,2.21,1.0,0.0
306,011105086K02H,Юра,729.89,15.1,2.21,0.903,0.025
306,011105086K02H,Юра,729.89,15.1,2.21,0.806,0.056
306,011105086K02H,Юра,729.89,15.1,2.21,0.731,0.1
306,011105086K02H,Юра,729.89,15.1,2.21,0.663,0.157
306,011105086K02H,Юра,729.89,15.1,2.21,0.611,0.226
306,011105086K02H,Юра,729.89,15.1,2.21,0.562,0.307
306,011105086K02H,Юра,729.89,15.1,2.21,0.532,0.402
306,011105086K02H,Юра,729.89,15.1,2.21,0.503,0.628
306,011105086K02H,Юра,729.89,15.1,2.21,0.474,0.903
306,011105086K02H,Юра,729.89,15.1,2.21,0.459,1.23
306,011105087K02H,Юра,730.4,19.7,5.84,1.0,0.0
306,011105087K02H,Юра,730.4,19.7,5.84,0.892,0.025
306,011105087K02H,Юра,730.4,19.7,5.84,0.789,0.056
306,011105087K02H,Юра,730.4,19.7,5.84,0.692,0.1
306,011105087K02H,Юра,730.4,19.7,5.84,0.628,0.157
306,011105087K02H,Юра,730.4,19.7,5.84,0.582,0.226
306,011105087K02H,Юра,730.4,19.7,5.84,0.544,0.307
306,011105087K02H,Юра,730.4,19.7,5.84,0.515,0.402
306,011105087K02H,Юра,730.4,19.7,5.84,0.488,0.628
306,011105087K02H,Юра,730.4,19.7,5.84,0.472,0.903
306,011105087K02H,Юра,730.4,19.7,5.84,0.462,1.23
